{
  "overall": {
    "subset_accuracy": 0.4316689968109131,
    "hamming_accuracy": 0.8923562169075012,
    "precision": 0.3818323016166687,
    "recall": 0.09131228923797607,
    "f1_score": 0.13647107779979706,
    "average_loss": 0.7674713761032035,
    "threshold_used": 0.5
  },
  "per_class": {
    "precision": [
      0.4436974823474884,
      0.4940711557865143,
      0.4975694417953491,
      0.3855755925178528,
      0.4532019793987274,
      0.3765690326690674,
      0.0,
      0.4039735198020935
    ],
    "recall": [
      0.08110599219799042,
      0.11737088859081268,
      0.30830463767051697,
      0.09132719784975052,
      0.053738318383693695,
      0.055727552622556686,
      0.0,
      0.02292371354997158
    ],
    "f1_score": [
      0.1371428668498993,
      0.18968133628368378,
      0.38071200251579285,
      0.14767596125602722,
      0.09608355164527893,
      0.09708737581968307,
      0.0,
      0.043385494500398636
    ]
  },
  "class_names": [
    "Atelectasis",
    "Cardiomegaly",
    "Effusion",
    "Infiltration",
    "Mass",
    "Nodule",
    "Pneumonia",
    "Pneumothorax"
  ]
}