{
  "overall": {
    "subset_accuracy": 0.37099528312683105,
    "hamming_accuracy": 0.8767533302307129,
    "precision": 0.3089225596725813,
    "recall": 0.1939244626807523,
    "f1_score": 0.22494286286194248,
    "average_loss": 0.7677846755565996
  },
  "per_class": {
    "Atelectasis": {
      "precision": 0.3346069868995633,
      "recall": 0.1954719387755102,
      "f1": 0.2467793880837359,
      "tp": 613.0,
      "fp": 1219.0,
      "fn": 2523.0,
      "tn": 20241.0,
      "threshold": 0.05
    },
    "Cardiomegaly": {
      "precision": 0.3708708708708709,
      "recall": 0.24191968658178256,
      "f1": 0.2928275044457617,
      "tp": 247.0,
      "fp": 419.0,
      "fn": 774.0,
      "tn": 23156.0,
      "threshold": 0.05
    },
    "Effusion": {
      "precision": 0.41776732404559436,
      "recall": 0.5170174652933274,
      "f1": 0.4621234864405084,
      "tp": 2309.0,
      "fp": 3218.0,
      "fn": 2157.0,
      "tn": 16912.0,
      "threshold": 0.05
    },
    "Infiltration": {
      "precision": 0.3559521014322611,
      "recall": 0.25883558135564283,
      "f1": 0.2997232107552392,
      "tp": 1516.0,
      "fp": 2743.0,
      "fn": 4341.0,
      "tn": 15996.0,
      "threshold": 0.05
    },
    "Mass": {
      "precision": 0.3478964401294498,
      "recall": 0.13069908814589665,
      "f1": 0.19001325673884223,
      "tp": 215.0,
      "fp": 403.0,
      "fn": 1430.0,
      "tn": 22548.0,
      "threshold": 0.05
    },
    "Nodule": {
      "precision": 0.2692867540029112,
      "recall": 0.11935483870967742,
      "f1": 0.16540008940545375,
      "tp": 185.0,
      "fp": 502.0,
      "fn": 1365.0,
      "tn": 22544.0,
      "threshold": 0.05
    },
    "Pneumonia": {
      "precision": 0.0,
      "recall": 0.0,
      "f1": 0.0,
      "tp": 0.0,
      "fp": 0.0,
      "fn": 453.0,
      "tn": 24143.0,
      "threshold": 0.5
    },
    "Pneumothorax": {
      "precision": 0.375,
      "recall": 0.08809710258418167,
      "f1": 0.14267596702599872,
      "tp": 225.0,
      "fp": 375.0,
      "fn": 2329.0,
      "tn": 21667.0,
      "threshold": 0.05
    }
  },
  "class_names": [
    "Atelectasis",
    "Cardiomegaly",
    "Effusion",
    "Infiltration",
    "Mass",
    "Nodule",
    "Pneumonia",
    "Pneumothorax"
  ],
  "optimal_thresholds": [
    0.05,
    0.05,
    0.05,
    0.05,
    0.05,
    0.05,
    0.5,
    0.05
  ]
}