{
  "overall": {
    "subset_accuracy": 0.2708977162837982,
    "hamming_accuracy": 0.8502093553543091,
    "precision": 0.2853502730144364,
    "recall": 0.30782803963131206,
    "f1_score": 0.28264329660419507,
    "average_loss": 0.6557372561589329
  },
  "per_class": {
    "Atelectasis": {
      "precision": 0.32760787599497276,
      "recall": 0.2493622448979592,
      "f1": 0.28317943146840485,
      "tp": 782.0,
      "fp": 1605.0,
      "fn": 2354.0,
      "tn": 19855.0,
      "threshold": 0.2
    },
    "Cardiomegaly": {
      "precision": 0.34591194968553457,
      "recall": 0.3232125367286974,
      "f1": 0.3341772151898734,
      "tp": 330.0,
      "fp": 624.0,
      "fn": 691.0,
      "tn": 22951.0,
      "threshold": 0.05
    },
    "Effusion": {
      "precision": 0.4326078655975563,
      "recall": 0.5073891625615764,
      "f1": 0.46702390766694146,
      "tp": 2266.0,
      "fp": 2972.0,
      "fn": 2200.0,
      "tn": 17158.0,
      "threshold": 0.2
    },
    "Infiltration": {
      "precision": 0.3088875544212581,
      "recall": 0.70257811166126,
      "f1": 0.42911517805933574,
      "tp": 4115.0,
      "fp": 9207.0,
      "fn": 1742.0,
      "tn": 9532.0,
      "threshold": 0.15000000000000002
    },
    "Mass": {
      "precision": 0.26108647450110867,
      "recall": 0.286322188449848,
      "f1": 0.2731226442447086,
      "tp": 471.0,
      "fp": 1333.0,
      "fn": 1174.0,
      "tn": 21618.0,
      "threshold": 0.05
    },
    "Nodule": {
      "precision": 0.2315270935960591,
      "recall": 0.18193548387096775,
      "f1": 0.203757225433526,
      "tp": 282.0,
      "fp": 936.0,
      "fn": 1268.0,
      "tn": 22110.0,
      "threshold": 0.05
    },
    "Pneumonia": {
      "precision": 0.0,
      "recall": 0.0,
      "f1": 0.0,
      "tp": 0.0,
      "fp": 1.0,
      "fn": 453.0,
      "tn": 24142.0,
      "threshold": 0.5
    },
    "Pneumothorax": {
      "precision": 0.3751733703190014,
      "recall": 0.21182458888018793,
      "f1": 0.2707707707707708,
      "tp": 541.0,
      "fp": 901.0,
      "fn": 2013.0,
      "tn": 21141.0,
      "threshold": 0.05
    }
  },
  "class_names": [
    "Atelectasis",
    "Cardiomegaly",
    "Effusion",
    "Infiltration",
    "Mass",
    "Nodule",
    "Pneumonia",
    "Pneumothorax"
  ],
  "optimal_thresholds": [
    0.2,
    0.05,
    0.2,
    0.15000000000000002,
    0.05,
    0.05,
    0.5,
    0.05
  ]
}